wispyfrost,67
whiteglade,10
proudsilence,21
laterain,29
summerlake,55
crimsonviolet,55
mistysound,29
damphaze,45
hiddenresonance,78
hiddenresonance,78
hiddencherry,59
silentdawn,78
witheredviolet,79
dampwater,42
fragrantriver,14
floralsun,34
bittersea,73
solitarybutterfly,62
weatheredhaze,49
boldsky,41
boldsky,41
throbbingviolet,62
youngsnow,37
boldsun,24
emptyleaf,1
blackfire,9
icyrain,25
brokencloud,56
bitterresonance,37
bluewaterfall,1
littlesnowflake,0
littlesnowflake,0
livelyrain,59
solitarybird,75
wanderingwave,56
wildwildflower,35
smallleaf,43
polishedwater,79
greenriver,50
solitaryglitter,16
whitehaze,38
coldfog,54
coldfog,54
proudmountain,58
delicatevoice,30
fragrantdawn,69
summerthunder,67
purplestar,37
springglitter,4
blackwater,69
oldcloud,18
latebird,68
crimsonmountain,18
crimsonmountain,18
quietsilence,4
coolsky,60
darkpine,59
polishedvoice,17
redshadow,71
sparklingglitter,20
bluemeadow,68
delicatewood,19
solitaryfog,12
drysnow,71
drysnow,71
silentlake,12
fallingmorning,47
quietdew,66
hiddenfeather,36
dawnwater,68
winterwater,69
emptybreeze,41
emptymorning,78
lingeringdawn,78
wispygrass,14
wispygrass,14
quiettree,6
solitarytree,61
snowysky,37
whitefrog,70
whitewildflower,32
stillglitter,17
divinegrass,1
twilightsilence,1
sparklingfog,1
agedtree,28
agedtree,28
weathereddew,5
namelesssnowflake,9
namelessbutterfly,32
bitterdew,27
emptyfrost,51
lingeringdust,79
redvoice,76
sparklingwaterfall,58
quietfeather,51
lingeringriver,27
lingeringriver,27
stillwaterfall,79
lingeringriver,3
oldhaze,77
brokenfield,55
patientwind,53
roughglitter,21
throbbingtree,50
polishedstar,45
latefirefly,42
emptystar,50
emptystar,50
fallingleaf,2
agedflower,27
delicatesnowflake,61
fallingsun,44
patientbush,7
stillsilence,21
shysunset,20
delicatesky,60
muddyflower,41
stillnight,24
stillnight,24
witheredsmoke,39
patientsun,13
oldpond,76
hiddenrain,11
emptydarkness,54
greenwind,22
polisheddarkness,62
longsea,55
dampbutterfly,8
ancienttree,65
ancienttree,65
solitarywind,63
bluesmoke,23
frostyglitter,30
oldmoon,48
muddyviolet,38
livelysky,20
throbbingglitter,37
wildwater,52
boldtree,1
mistybrook,13
mistybrook,13
dawnpaper,24
bluesky,35
coldmeadow,27
throbbingbreeze,59
springhaze,35
bittershape,68
witheredshadow,16
blacksurf,56
bitterdarkness,3
wanderingmorning,48
wanderingmorning,48
latesilence,2
morningwind,78
quiethill,77
coolsilence,11
darkwood,42
quietsky,69
sparklingsunset,14
weatherednight,4
littlemoon,42
divinemountain,18
divinemountain,18
bitterresonance,33
springriver,21
sparklinggrass,77
whitefog,47
brokenbush,59
dampsun,21
autumnsun,63
agedbutterfly,35
floraldust,23
coldfrost,31
coldfrost,31
icysmoke,75
quietflower,39
wildsmoke,36
holydust,12
brokenvoice,47
ancientwave,38
longhill,55
littledust,51
livelyvoice,46
delicatewave,79
delicatewave,79
lingeringstar,79
longfeather,59
holyleaf,23
fragrantviolet,1
hiddenbutterfly,30
greentree,38
smallsun,57
weatheredshadow,17
restlesssurf,78
purplewind,40
purplewind,40
livelysnowflake,8
brokenmorning,69
divinesnowflake,65
redbreeze,24
holyfeather,28
brokensmoke,40
frostyfire,19
autumnstar,40
fragrantthunder,8
floralshadow,64
floralshadow,64
boldsound,72
emptymorning,59
wanderingsnowflake,8
sparklingcloud,35
whitewater,28
restlesssnowflake,50
emptywind,72
youngfeather,31
winterwaterfall,75
roughsnowflake,27
roughsnowflake,27
blackrain,59
coolnight,58
divineriver,2
fallinggrass,74
latesea,77
stilldarkness,37
drysea,14
stillsnowflake,57
fragrantrain,21
floralpond,29
floralpond,29
weatheredmoon,73
emptyshadow,60
namelessfrost,37
smalldew,29
darkfog,41
smallnight,52
weathereddream,44
twilightgrass,48
polishedriver,60
lingeringtree,20
lingeringtree,20
billowingwaterfall,42
snowybutterfly,5
restlessdawn,14
delicatefield,58
wintermeadow,68
delicatenight,6
shyrain,18
icyhaze,58
proudmoon,21
solitaryfire,55
solitaryfire,55
boldfire,17
mistystar,25
wanderingmeadow,31
quietresonance,40
coolmeadow,32
bitterwave,78
witheredforest,74
sparklingresonance,65
springmeadow,61
divinewater,65
divinewater,65
floraldew,44
wispyfrog,56
lingeringdawn,40
throbbingsnow,0
wildfire,43
morningvoice,49
smalldarkness,68
coolvoice,27
agedgrass,55
billowingresonance,8
billowingresonance,8
polishedsurf,39
witheredfield,19
sparklinglake,19
greentree,7
dawndarkness,19
lingeringnight,10
wispycloud,11
summerstar,75
summerglade,55
longwind,21
longwind,21
billowingfrost,2
coolthunder,67
hiddenlake,74
fragrantcherry,27
smallnight,26
purplehaze,74
wildforest,66
morningwaterfall,13
billowingthunder,33
throbbingpine,5
throbbingpine,5
agedflower,25
morningwater,2
billowingfield,30
quietsunset,17
livelydarkness,21
dawnsun,41
darkbreeze,36
ancientwaterfall,76
blackthunder,44
silentfire,28
silentfire,28
drymorning,31
dampwood,36
twilightresonance,56
crimsonsurf,12
restlessshadow,71
coolsky,47
autumnbutterfly,63
solitarysnow,15
roughfrog,46
polishedfrost,70
polishedfrost,70
wildlake,14
muddysea,22
brokenresonance,34
shyfirefly,53
lingeringfire,25
wispysunset,73
drytree,25
dampsnowflake,33
springsea,64
silentresonance,1
silentresonance,1
snowysound,41
throbbingbrook,9
namelesswind,48
solitaryhaze,1
roughforest,0
fallingpaper,36
witheredfrost,40
morningsilence,36
billowingbird,71
coolwind,59
coolwind,59
agedwater,49
hiddendew,40
proudmorning,72
throbbingdream,40
muddydust,27
holysilence,58
shydust,79
lingeringlake,43
springdream,67
bluewood,75
bluewood,75
muddystar,53
holyglitter,42
frostydarkness,2
wildglade,60
weatheredsun,5
proudwind,30
coolfrog,35
hiddenshape,67
weatheredsky,66
smallpine,54
smallpine,54
icynight,44
autumnmeadow,34
solitaryriver,18
roughstar,50
ancientthunder,58
blackdust,53
morningdream,26
bluenight,13
sparklingcloud,33
longwaterfall,29
longwaterfall,29
dawnglade,39
dryresonance,26
divinegrass,45
winterforest,65
hiddenstar,77
agedfrog,21
sparklingsky,4
namelessbutterfly,20
solitarysun,4
roughgrass,76
roughgrass,76
quiettree,22
weatheredhill,7
mistywildflower,28
wanderingforest,68
dampwater,10
oldglitter,36
roughwildflower,2
longflower,6
holyshadow,57
redvoice,14
redvoice,14
roughwater,54
dampleaf,34
springfrog,22
emptysurf,46
restlessdew,30
wanderingbutterfly,62
latemorning,2
fragrantdream,69
smallmountain,49
greenriver,38
greenriver,38
wintercherry,14
silentnight,18
brokencloud,21
coolthunder,17
namelessfield,21
solitarysunset,41
summercherry,41
ancientwood,24
blacknight,16
redcloud,12
redcloud,12
stillsmoke,24
dampthunder,24
witheredshape,72
littlebush,0
bluemorning,75
quietmountain,31
longforest,51
bitterviolet,75
coldfire,75
coolpine,74
coolpine,74
bluestar,35
icyflower,10
billowingleaf,79
throbbingpaper,59
lingeringshape,63
crimsonsound,51
summerbrook,18
fallingrain,18
patientwater,74
silentleaf,74
silentleaf,74
muddybutterfly,50
dampsea,77
springsun,33
littlesun,69
brokensound,21
whitebrook,21
autumnwind,28
wispywaterfall,60
summerviolet,76
polishedfield,0
polishedfield,0
agedshadow,20
quietpond,77
longmountain,33
twilighthill,29
emptypaper,36
solitarywater,55
stillleaf,71
fallingfog,70
springsnowflake,63
littlenight,10
littlenight,10
muddydawn,5
delicatesilence,39
shysurf,36
holymoon,30
snowysound,27
autumnvoice,78
emptydust,33
coldlake,70
quietcherry,57
hiddenwater,25
hiddenwater,25
boldfire,33
weatheredpine,63
quietmountain,53
autumnhaze,9
agedglitter,73
smallfrog,73
ancientshape,33
wildpine,48
purplefrost,33
dawnsnowflake,73
dawnsnowflake,73
frostysun,57
livelypine,65
muddystar,48
redbutterfly,1
greenmorning,72
livelybird,72
muddywater,72
drywater,43
divinefeather,59
icywaterfall,74
icywaterfall,74
morningsun,24
agedhaze,52
smallhill,43
greenstar,75
twilightfield,10
roughsunset,42
fallingwood,34
dawnresonance,78
drygrass,2
proudglade,43
proudglade,43
hiddenpond,11
weatheredmeadow,66
delicateforest,30
brokenriver,3
shywildflower,10
longfire,10
fragrantfog,5
stillsnowflake,45
ancientmeadow,61
blackhill,28
blackhill,28
divinevoice,19
wintersound,18
brokenhaze,45
winterforest,12
smallrain,26
proudwater,29
throbbingfeather,18
latevoice,29
wanderingsound,1
littlebrook,36
littlebrook,36
sparklingshadow,61
witheredwaterfall,68
summerfog,69
witheredtree,23
divinecherry,21
witheredpond,4
muddycloud,4
brokenwaterfall,24
sparklingvoice,28
longsound,39
longsound,39
bluefog,20
winterpond,52
bittermountain,7
proudhill,27
quietsmoke,55
namelesssurf,27
lingeringsnow,70
littleriver,27
agedstar,47
throbbingsurf,78
throbbingsurf,78
coldwaterfall,13
lingeringsunset,13
fragrantshape,77
springpine,22
ancientsea,73
witheredwave,56
littlefirefly,76
bluefire,64
sparklingsunset,76
latefrost,30
latefrost,30
crimsonsea,8
wanderingstar,49
boldfrog,64
wildshape,16
billowingmorning,8
hiddenmorning,25
agedwood,72
sparklingmountain,48
floralmeadow,0
shyhill,64
shyhill,64
crimsonsilence,64
bitterbird,27
snowyrain,19
delicatewave,3
livelywater,19
solitaryfirefly,22
stillleaf,42
polishedfrost,38
witheredbutterfly,26
littlemoon,77
littlemoon,77
greendust,6
crimsonlake,42
darknight,6
fallingcloud,9
winterwaterfall,77
bitterviolet,61
latedawn,21
wispyshadow,61
coolfire,50
frostysound,12
frostysound,12
morningfrog,73
youngwater,26
redsurf,62
divinedew,1
witheredsnow,45
lingeringtree,49
wispyglade,68
stillmoon,69
frostywave,20
twilightsurf,12
twilightsurf,12
polishedcherry,12
hiddenwater,36
agedfire,21
darkshadow,68
polishedlake,28
blackcherry,76
morningpond,43
restlesssun,16
roughresonance,51
frostyfeather,31
frostyfeather,31
littledawn,60
bluepaper,76
throbbingsound,0
lingeringmorning,67
wispywater,15
summerfeather,22
longflower,38
dawnshadow,22
dryfrost,54
polishedsound,30
polishedsound,30
divinefire,54
wilddust,22
mistysunset,38
snowytree,70
olddarkness,78
restlessrain,25
wanderingwildflower,13
boldflower,65
billowingdust,69
sparklinglake,65
sparklinglake,65
hiddenfirefly,42
weatheredleaf,61
sparklingwaterfall,35
longpaper,39
solitarysky,19
stillbrook,59
frostywind,75
patientnight,11
redmeadow,11
fallingwaterfall,49
fallingwaterfall,49
purpleresonance,8
youngdawn,72
bitterbreeze,74
proudwater,26
quietfire,34
namelessbutterfly,30
wanderingsea,2
hiddensun,22
snowyhaze,5
sparklingriver,7
sparklingriver,7
wispyshadow,43
darkfrost,63
ancientsnowflake,51
witheredmoon,51
wispyflower,21
proudfirefly,26
shyshadow,10
lingeringsunset,42
wildfrost,45
littlesilence,1
littlesilence,1
frostypaper,26
springshape,26
mistysound,10
floralbush,16
wanderingsnow,19
bolddream,47
fragrantmeadow,3
icypaper,52
purplesky,68
youngsilence,20
youngsilence,20
muddystar,71
billowingfire,55
quietpine,31
autumnfog,28
crimsonsilence,60
darkdarkness,52
divinesun,4
witheredbreeze,51
bitterwildflower,55
floralpine,59
floralpine,59
holydust,65
redlake,69
dampwood,49
wintercloud,24
sparklingwaterfall,59
lateviolet,7
crimsonfire,30
darkfield,63
fallingsunset,62
delicatefirefly,30
delicatefirefly,30
mistyleaf,41
proudfrost,60
sparklingtree,48
livelydarkness,63
holycloud,62
redwater,22
dampfire,49
blackpine,54
muddyfrost,41
summerresonance,36
summerresonance,36
divinepine,17
wispyfrost,19
icysound,35
greenbrook,25
twilightglade,29
roughhaze,41
dampforest,40
wildsmoke,16
boldshape,27
weatheredsunset,15
weatheredsunset,15
twilightbrook,6
emptywind,56
coldresonance,16
coolhaze,11
hiddenwaterfall,64
snowyviolet,52
delicatedust,55
livelybrook,3
holywind,59
redwater,26
redwater,26
lingeringsnow,21
weathereddream,39
sparklingsun,3
frostygrass,58
twilightglitter,75
silentstar,26
coldfire,58
whitesunset,17
smallresonance,61
greenwave,45
greenwave,45
billowingflower,5
whitefrost,58
namelessdarkness,17
solitarymeadow,62
stillhill,49
ancientsmoke,5
wildsurf,5
redfield,69
crimsonfrost,29
stillsnowflake,12
stillsnowflake,12
blackwater,52
littlenight,21
billowinghill,5
whitewater,45
coldbrook,28
wanderingsea,39
polishedpond,3
winternight,39
bittermeadow,39
proudwaterfall,7
proudwaterfall,7
proudbird,31
throbbingrain,3
twilightmoon,74
emptywater,73
floralfeather,9
shyglitter,15
namelesssurf,19
solitarydew,63
stillwind,54
frostymoon,6
frostymoon,6
blacktree,70
bitterpine,57
snowydarkness,25
delicatesun,57
hiddenbreeze,16
fragrantwaterfall,76
bluefeather,72
quietdawn,28
namelessfrog,48
ageddream,57
ageddream,57
weatheredbird,51
polishedflower,8
greenstar,43
crimsonthunder,29
darksunset,9
fallingtree,32
winterdarkness,17
silentbird,64
proudsun,48
quietriver,23
quietriver,23
muddybrook,62
roughsun,23
longwaterfall,19
holyfrog,71
redshape,27
dampbush,10
brokenmorning,75
sparklingdarkness,19
longglade,18
dawnbreeze,18
dawnbreeze,18
fragrantsurf,38
latehill,29
icycloud,61
purplewaterfall,65
polishedviolet,69
wildfire,21
purplevoice,5
holysound,60
oldbrook,56
restlesscloud,44
restlesscloud,44
twilightfrost,53
summerdust,58
ancientsunset,61
blacktree,1
silentpond,44
proudmountain,4
sparklingdawn,52
laterain,52
fragrantbush,39
icysea,7
icysea,7
blackfield,31
emptysunset,36
solitarytree,64
roughglade,7
polishedmoon,71
youngwater,38
oldthunder,38
billowingdew,62
shysnow,42
latecherry,14
latecherry,14
sparklingsmoke,46
frostysurf,63
blacksound,54
drydust,11
dampmorning,70
springwood,74
ancientsun,79
twilightwaterfall,73
emptysurf,49
brokensky,65
brokensky,65
restlesslake,42
coolpond,45
hiddenmeadow,41
agedriver,17
smallstar,17
greencherry,17
solitaryfield,64
roughsunset,72
frostysilence,36
wildbird,56
wildbird,56
billowingstar,63
fallingfrog,33
springdew,72
fragrantpine,65
smallfog,0
longdarkness,1
holyrain,24
redwildflower,24
brokenflower,72
coolfield,27
coolfield,27
roughmorning,3
bitternight,11
snowycloud,59
throbbingsmoke,74
latepaper,46
solitarysky,18
boldbutterfly,13
weatheredsea,18
smallpond,69
longcloud,5
longcloud,5
roughfrog,61
ancientshape,60
wildmorning,76
littlewood,66
bluehaze,19
sparklingforest,50
lingeringdawn,26
wispywind,38
summersmoke,41
holywater,74
holywater,74
oldmeadow,60
darkresonance,64
greenmountain,37
lingeringriver,32
mistygrass,44
agedbreeze,9
polishedsilence,16
roughbreeze,55
twilightdream,63
weatheredstar,4
weatheredstar,4
blackthunder,39
dawnsnow,75
stillsunset,58
dawntree,31
lingeringcloud,72
muddymorning,63
brokenpond,18
frostywaterfall,27
redresonance,50
bittermeadow,63
bittermeadow,63
quietfire,30
boldglitter,54
morningsky,14
roughlake,17
hiddensnow,54
purpledarkness,1
crimsonbird,54
greenmorning,70
quiethaze,56
patientglade,38
patientglade,38
floralsurf,25
oldflower,65
patientvoice,73
holypaper,9
snowywind,40
dawnfield,55
silentsilence,57
blackpaper,9
ancientpond,18
emptysnowflake,10
emptysnowflake,10
wanderingsky,19
boldfield,75
mistytree,75
coldtree,3
greenmeadow,43
lingeringfog,74
morningsky,49
greensunset,6
sparklingstar,31
agedbush,74
agedbush,74
snowyrain,54
patientwood,26
proudshadow,50
bitterbreeze,10
frostycloud,70
twilightbrook,69
morningwater,58
summermountain,0
fallingmeadow,21
hiddensurf,21
hiddensurf,21
colddawn,44
crimsonbreeze,21
muddymeadow,52
billowingwind,60
livelyfeather,12
winterforest,49
purpleriver,72
sparklingfirefly,78
longriver,8
sparklingfeather,79
sparklingfeather,79
drygrass,28
throbbingsmoke,68
lingeringfirefly,20
oldpaper,43
redmountain,30
solitaryfrog,26
latefield,51
reddream,60
purplebird,0
youngwater,70
youngwater,70
proudpaper,62
bitternight,54
springsun,2
twilightsnowflake,74
delicatewater,62
drythunder,25
summerdawn,49
redthunder,41
holyhaze,65
fragrantvoice,40
fragrantvoice,40